{
    "DOGEUSDT": {
        "signal": "sell",
        "time": "2025-05-24T02:18:38.035918"
    },
    "SUIUSDT": {
        "signal": "sell",
        "time": "2025-05-24T02:18:38.035918"
    },
    "TRUMPUSDT": {
        "signal": "sell",
        "time": "2025-05-25T15:07:35.994467"
    },
    "WIFUSDT": {
        "signal": "sell",
        "time": "2025-05-24T02:18:38.035918"
    },
    "ADAUSDT": {
        "signal": "buy",
        "time": "2025-05-25T15:07:35.995566"
    },
    "WLDUSDT": {
        "signal": "sell",
        "time": "2025-05-25T15:57:46.072523"
    },
    "NEIROUSDT": {
        "signal": "buy",
        "time": "2025-05-25T15:07:35.995566"
    },
    "AAVEUSDT": {
        "signal": "sell",
        "time": "2025-05-24T23:10:05.031225"
    },
    "ALPACAUSDT": {
        "signal": "sell",
        "time": "2025-05-24T22:27:01.226042"
    },
    "NXPCUSDT": {
        "signal": "sell",
        "time": "2025-05-25T15:07:35.994467"
    }
}