symbol,total_klines,first_kline_utc,last_kline_utc
1000000BOBUSDT,89280,2025-07-01 02:00:00+02,2025-09-01 01:59:00+02
1000000MOGUSDT,89280,2025-07-01 02:00:00+02,2025-09-01 01:59:00+02
1000BONKUSDC,89280,2025-07-01 02:00:00+02,2025-09-01 01:59:00+02
1000BONKUSDT,89280,2025-07-01 02:00:00+02,2025-09-01 01:59:00+02
1000CATUSDT,89280,2025-07-01 02:00:00+02,2025-09-01 01:59:00+02
1000CHEEMSUSDT,89280,2025-07-01 02:00:00+02,2025-09-01 01:59:00+02
1000FLOKIUSDT,89280,2025-07-01 02:00:00+02,2025-09-01 01:59:00+02
1000LUNCUSDT,89280,2025-07-01 02:00:00+02,2025-09-01 01:59:00+02
1000PEPEUSDC,89280,2025-07-01 02:00:00+02,2025-09-01 01:59:00+02
1000PEPEUSDT,89280,2025-07-01 02:00:00+02,2025-09-01 01:59:00+02
1000RATSUSDT,89280,2025-07-01 02:00:00+02,2025-09-01 01:59:00+02
1000SATSUSDT,89280,2025-07-01 02:00:00+02,2025-09-01 01:59:00+02
1000SHIBUSDC,89280,2025-07-01 02:00:00+02,2025-09-01 01:59:00+02
1000SHIBUSDT,89280,2025-07-01 02:00:00+02,2025-09-01 01:59:00+02
1000WHYUSDT,89280,2025-07-01 02:00:00+02,2025-09-01 01:59:00+02
1000XECUSDT,89280,2025-07-01 02:00:00+02,2025-09-01 01:59:00+02
1000XUSDT,89280,2025-07-01 02:00:00+02,2025-09-01 01:59:00+02
1INCHUSDT,89280,2025-07-01 02:00:00+02,2025-09-01 01:59:00+02
1MBABYDOGEUSDT,89280,2025-07-01 02:00:00+02,2025-09-01 01:59:00+02
A2ZUSDT,47040,2025-07-30 10:00:00+02,2025-09-01 01:59:00+02
AAVEUSDC,89280,2025-07-01 02:00:00+02,2025-09-01 01:59:00+02
AAVEUSDT,89280,2025-07-01 02:00:00+02,2025-09-01 01:59:00+02
ACEUSDT,89280,2025-07-01 02:00:00+02,2025-09-01 01:59:00+02
ACHUSDT,89280,2025-07-01 02:00:00+02,2025-09-01 01:59:00+02
ACTUSDT,89280,2025-07-01 02:00:00+02,2025-09-01 01:59:00+02
ACXUSDT,89280,2025-07-01 02:00:00+02,2025-09-01 01:59:00+02
ADAUSDC,89280,2025-07-01 02:00:00+02,2025-09-01 01:59:00+02
ADAUSDT,89280,2025-07-01 02:00:00+02,2025-09-01 01:59:00+02
AERGOUSDT,89280,2025-07-01 02:00:00+02,2025-09-01 01:59:00+02
AEROUSDT,89280,2025-07-01 02:00:00+02,2025-09-01 01:59:00+02
AEVOUSDT,89280,2025-07-01 02:00:00+02,2025-09-01 01:59:00+02
AGLDUSDT,89280,2025-07-01 02:00:00+02,2025-09-01 01:59:00+02
AGTUSDT,89280,2025-07-01 02:00:00+02,2025-09-01 01:59:00+02
AI16ZUSDT,89280,2025-07-01 02:00:00+02,2025-09-01 01:59:00+02
AINUSDT,75675,2025-07-10 12:45:00+02,2025-09-01 01:59:00+02
AIOTUSDT,89280,2025-07-01 02:00:00+02,2025-09-01 01:59:00+02
AIOUSDT,26670,2025-08-13 13:30:00+02,2025-09-01 01:59:00+02
AIUSDT,89280,2025-07-01 02:00:00+02,2025-09-01 01:59:00+02
AIXBTUSDT,89280,2025-07-01 02:00:00+02,2025-09-01 01:59:00+02
AKTUSDT,89280,2025-07-01 02:00:00+02,2025-09-01 01:59:00+02
ALCHUSDT,89280,2025-07-01 02:00:00+02,2025-09-01 01:59:00+02
ALGOUSDT,89280,2025-07-01 02:00:00+02,2025-09-01 01:59:00+02
ALICEUSDT,89280,2025-07-01 02:00:00+02,2025-09-01 01:59:00+02
ALLUSDT,36870,2025-08-06 11:30:00+02,2025-09-01 01:59:00+02
ALPINEUSDT,89280,2025-07-01 02:00:00+02,2025-09-01 01:59:00+02
ALTUSDT,89280,2025-07-01 02:00:00+02,2025-09-01 01:59:00+02
ANIMEUSDT,89280,2025-07-01 02:00:00+02,2025-09-01 01:59:00+02
ANKRUSDT,89280,2025-07-01 02:00:00+02,2025-09-01 01:59:00+02
APEUSDT,89280,2025-07-01 02:00:00+02,2025-09-01 01:59:00+02
API3USDT,89280,2025-07-01 02:00:00+02,2025-09-01 01:59:00+02
APTUSDT,89280,2025-07-01 02:00:00+02,2025-09-01 01:59:00+02
ARBUSDC,89280,2025-07-01 02:00:00+02,2025-09-01 01:59:00+02
ARBUSDT,89280,2025-07-01 02:00:00+02,2025-09-01 01:59:00+02
ARCUSDT,89280,2025-07-01 02:00:00+02,2025-09-01 01:59:00+02
ARKMUSDT,89280,2025-07-01 02:00:00+02,2025-09-01 01:59:00+02
ARKUSDT,89280,2025-07-01 02:00:00+02,2025-09-01 01:59:00+02
ARPAUSDT,89280,2025-07-01 02:00:00+02,2025-09-01 01:59:00+02
ARUSDT,89280,2025-07-01 02:00:00+02,2025-09-01 01:59:00+02
ASRUSDT,89280,2025-07-01 02:00:00+02,2025-09-01 01:59:00+02
ASTRUSDT,89280,2025-07-01 02:00:00+02,2025-09-01 01:59:00+02
ATAUSDT,89280,2025-07-01 02:00:00+02,2025-09-01 01:59:00+02
ATHUSDT,89280,2025-07-01 02:00:00+02,2025-09-01 01:59:00+02
ATOMUSDT,89280,2025-07-01 02:00:00+02,2025-09-01 01:59:00+02
AUCTIONUSDT,89280,2025-07-01 02:00:00+02,2025-09-01 01:59:00+02
AUSDT,89280,2025-07-01 02:00:00+02,2025-09-01 01:59:00+02
AVAAIUSDT,89280,2025-07-01 02:00:00+02,2025-09-01 01:59:00+02
AVAUSDT,89280,2025-07-01 02:00:00+02,2025-09-01 01:59:00+02
AVAXUSDC,89280,2025-07-01 02:00:00+02,2025-09-01 01:59:00+02
AVAXUSDT,89280,2025-07-01 02:00:00+02,2025-09-01 01:59:00+02
AWEUSDT,89280,2025-07-01 02:00:00+02,2025-09-01 01:59:00+02
AXLUSDT,89280,2025-07-01 02:00:00+02,2025-09-01 01:59:00+02
AXSUSDT,89280,2025-07-01 02:00:00+02,2025-09-01 01:59:00+02
B2USDT,89280,2025-07-01 02:00:00+02,2025-09-01 01:59:00+02
B3USDT,89280,2025-07-01 02:00:00+02,2025-09-01 01:59:00+02
BABYUSDT,89280,2025-07-01 02:00:00+02,2025-09-01 01:59:00+02
BAKEUSDT,89280,2025-07-01 02:00:00+02,2025-09-01 01:59:00+02
BANANAS31USDT,89280,2025-07-01 02:00:00+02,2025-09-01 01:59:00+02
BANANAUSDT,89280,2025-07-01 02:00:00+02,2025-09-01 01:59:00+02
BANDUSDT,89280,2025-07-01 02:00:00+02,2025-09-01 01:59:00+02
BANKUSDT,89280,2025-07-01 02:00:00+02,2025-09-01 01:59:00+02
BANUSDT,89280,2025-07-01 02:00:00+02,2025-09-01 01:59:00+02
BASUSDT,7830,2025-08-26 15:30:00+02,2025-09-01 01:59:00+02
BATUSDT,89280,2025-07-01 02:00:00+02,2025-09-01 01:59:00+02
BBUSDT,89280,2025-07-01 02:00:00+02,2025-09-01 01:59:00+02
BCHUSDC,89280,2025-07-01 02:00:00+02,2025-09-01 01:59:00+02
BCHUSDT,89280,2025-07-01 02:00:00+02,2025-09-01 01:59:00+02
BDXNUSDT,89280,2025-07-01 02:00:00+02,2025-09-01 01:59:00+02
BEAMXUSDT,89280,2025-07-01 02:00:00+02,2025-09-01 01:59:00+02
BELUSDT,89280,2025-07-01 02:00:00+02,2025-09-01 01:59:00+02
BERAUSDT,89280,2025-07-01 02:00:00+02,2025-09-01 01:59:00+02
BICOUSDT,89280,2025-07-01 02:00:00+02,2025-09-01 01:59:00+02
BIDUSDT,89280,2025-07-01 02:00:00+02,2025-09-01 01:59:00+02
BIGTIMEUSDT,89280,2025-07-01 02:00:00+02,2025-09-01 01:59:00+02
BIOUSDC,9645,2025-08-25 09:15:00+02,2025-09-01 01:59:00+02
BIOUSDT,89280,2025-07-01 02:00:00+02,2025-09-01 01:59:00+02
BLURUSDT,89280,2025-07-01 02:00:00+02,2025-09-01 01:59:00+02
BMTUSDT,89280,2025-07-01 02:00:00+02,2025-09-01 01:59:00+02
BNBUSDC,89280,2025-07-01 02:00:00+02,2025-09-01 01:59:00+02
bnbusdt,246,2025-09-30 23:28:00+02,2025-10-01 23:00:00+02
BNBUSDT,89280,2025-07-01 02:00:00+02,2025-09-01 01:59:00+02
BNTUSDT,89280,2025-07-01 02:00:00+02,2025-09-01 01:59:00+02
BOMEUSDC,89280,2025-07-01 02:00:00+02,2025-09-01 01:59:00+02
BOMEUSDT,89280,2025-07-01 02:00:00+02,2025-09-01 01:59:00+02
BRETTUSDT,89280,2025-07-01 02:00:00+02,2025-09-01 01:59:00+02
BROCCOLI714USDT,89280,2025-07-01 02:00:00+02,2025-09-01 01:59:00+02
BROCCOLIF3BUSDT,89280,2025-07-01 02:00:00+02,2025-09-01 01:59:00+02
BRUSDT,89280,2025-07-01 02:00:00+02,2025-09-01 01:59:00+02
BSVUSDT,89280,2025-07-01 02:00:00+02,2025-09-01 01:59:00+02
BTCDOMUSDT,89280,2025-07-01 02:00:00+02,2025-09-01 01:59:00+02
BTCUSDC,89280,2025-07-01 02:00:00+02,2025-09-01 01:59:00+02
btcusdt,246,2025-09-30 23:28:00+02,2025-10-01 23:00:00+02
BTCUSDT,89280,2025-07-01 02:00:00+02,2025-09-01 01:59:00+02
BTRUSDT,6570,2025-08-27 12:30:00+02,2025-09-01 01:59:00+02
BULLAUSDT,84420,2025-07-04 11:00:00+02,2025-09-01 01:59:00+02
BUSDT,89280,2025-07-01 02:00:00+02,2025-09-01 01:59:00+02
C98USDT,89280,2025-07-01 02:00:00+02,2025-09-01 01:59:00+02
CAKEUSDT,89280,2025-07-01 02:00:00+02,2025-09-01 01:59:00+02
CARVUSDT,34995,2025-08-07 18:45:00+02,2025-09-01 01:59:00+02
CATIUSDT,89280,2025-07-01 02:00:00+02,2025-09-01 01:59:00+02
CELOUSDT,89280,2025-07-01 02:00:00+02,2025-09-01 01:59:00+02
CELRUSDT,89280,2025-07-01 02:00:00+02,2025-09-01 01:59:00+02
CETUSUSDT,89280,2025-07-01 02:00:00+02,2025-09-01 01:59:00+02
CFXUSDT,89280,2025-07-01 02:00:00+02,2025-09-01 01:59:00+02
CGPTUSDT,89280,2025-07-01 02:00:00+02,2025-09-01 01:59:00+02
CHESSUSDT,89280,2025-07-01 02:00:00+02,2025-09-01 01:59:00+02
CHILLGUYUSDT,89280,2025-07-01 02:00:00+02,2025-09-01 01:59:00+02
CHRUSDT,89280,2025-07-01 02:00:00+02,2025-09-01 01:59:00+02
CHZUSDT,89280,2025-07-01 02:00:00+02,2025-09-01 01:59:00+02
COMPUSDT,89280,2025-07-01 02:00:00+02,2025-09-01 01:59:00+02
COOKIEUSDT,89280,2025-07-01 02:00:00+02,2025-09-01 01:59:00+02
COSUSDT,89280,2025-07-01 02:00:00+02,2025-09-01 01:59:00+02
COTIUSDT,89280,2025-07-01 02:00:00+02,2025-09-01 01:59:00+02
COWUSDT,89280,2025-07-01 02:00:00+02,2025-09-01 01:59:00+02
CROSSUSDT,75690,2025-07-10 12:30:00+02,2025-09-01 01:59:00+02
CRVUSDC,89280,2025-07-01 02:00:00+02,2025-09-01 01:59:00+02
CRVUSDT,89280,2025-07-01 02:00:00+02,2025-09-01 01:59:00+02
CTKUSDT,89280,2025-07-01 02:00:00+02,2025-09-01 01:59:00+02
CTSIUSDT,89280,2025-07-01 02:00:00+02,2025-09-01 01:59:00+02
CUDISUSDT,16605,2025-08-20 13:15:00+02,2025-09-01 01:59:00+02
CUSDT,68580,2025-07-15 11:00:00+02,2025-09-01 01:59:00+02
CVCUSDT,89280,2025-07-01 02:00:00+02,2025-09-01 01:59:00+02
CVXUSDT,88590,2025-07-01 02:00:00+02,2025-09-01 01:59:00+02
CYBERUSDT,89280,2025-07-01 02:00:00+02,2025-09-01 01:59:00+02
DAMUSDT,19410,2025-08-18 14:30:00+02,2025-09-01 01:59:00+02
DASHUSDT,89280,2025-07-01 02:00:00+02,2025-09-01 01:59:00+02
DEEPUSDT,89280,2025-07-01 02:00:00+02,2025-09-01 01:59:00+02
DEGENUSDT,89280,2025-07-01 02:00:00+02,2025-09-01 01:59:00+02
DEGOUSDT,89280,2025-07-01 02:00:00+02,2025-09-01 01:59:00+02
DENTUSDT,89280,2025-07-01 02:00:00+02,2025-09-01 01:59:00+02
DEXEUSDT,89280,2025-07-01 02:00:00+02,2025-09-01 01:59:00+02
DFUSDT,89280,2025-07-01 02:00:00+02,2025-09-01 01:59:00+02
DIAUSDT,89280,2025-07-01 02:00:00+02,2025-09-01 01:59:00+02
DMCUSDT,89280,2025-07-01 02:00:00+02,2025-09-01 01:59:00+02
DODOXUSDT,89280,2025-07-01 02:00:00+02,2025-09-01 01:59:00+02
DOGEUSDC,89280,2025-07-01 02:00:00+02,2025-09-01 01:59:00+02
DOGEUSDT,89280,2025-07-01 02:00:00+02,2025-09-01 01:59:00+02
DOGSUSDT,89280,2025-07-01 02:00:00+02,2025-09-01 01:59:00+02
DOLOUSDT,89280,2025-07-01 02:00:00+02,2025-09-01 01:59:00+02
DOODUSDT,89280,2025-07-01 02:00:00+02,2025-09-01 01:59:00+02
DOTUSDT,89280,2025-07-01 02:00:00+02,2025-09-01 01:59:00+02
DRIFTUSDT,89280,2025-07-01 02:00:00+02,2025-09-01 01:59:00+02
DUSDT,89280,2025-07-01 02:00:00+02,2025-09-01 01:59:00+02
DUSKUSDT,89280,2025-07-01 02:00:00+02,2025-09-01 01:59:00+02
DYDXUSDT,89280,2025-07-01 02:00:00+02,2025-09-01 01:59:00+02
DYMUSDT,89280,2025-07-01 02:00:00+02,2025-09-01 01:59:00+02
EDUUSDT,89280,2025-07-01 02:00:00+02,2025-09-01 01:59:00+02
EGLDUSDT,89280,2025-07-01 02:00:00+02,2025-09-01 01:59:00+02
EIGENUSDT,89280,2025-07-01 02:00:00+02,2025-09-01 01:59:00+02
ENAUSDC,89280,2025-07-01 02:00:00+02,2025-09-01 01:59:00+02
ENAUSDT,89280,2025-07-01 02:00:00+02,2025-09-01 01:59:00+02
ENJUSDT,89280,2025-07-01 02:00:00+02,2025-09-01 01:59:00+02
ENSUSDT,89280,2025-07-01 02:00:00+02,2025-09-01 01:59:00+02
EPICUSDT,89280,2025-07-01 02:00:00+02,2025-09-01 01:59:00+02
EPTUSDT,89280,2025-07-01 02:00:00+02,2025-09-01 01:59:00+02
ERAUSDT,65310,2025-07-17 17:30:00+02,2025-09-01 01:59:00+02
ESPORTSUSDT,48360,2025-07-29 12:00:00+02,2025-09-01 01:59:00+02
ETCUSDT,89280,2025-07-01 02:00:00+02,2025-09-01 01:59:00+02
ETHBTC,89280,2025-07-01 02:00:00+02,2025-09-01 01:59:00+02
ETHFIUSDC,89280,2025-07-01 02:00:00+02,2025-09-01 01:59:00+02
ETHFIUSDT,89280,2025-07-01 02:00:00+02,2025-09-01 01:59:00+02
ETHUSDC,89280,2025-07-01 02:00:00+02,2025-09-01 01:59:00+02
ethusdt,246,2025-09-30 23:28:00+02,2025-10-01 23:00:00+02
ETHUSDT,89280,2025-07-01 02:00:00+02,2025-09-01 01:59:00+02
ETHWUSDT,89280,2025-07-01 02:00:00+02,2025-09-01 01:59:00+02
FARTCOINUSDT,89280,2025-07-01 02:00:00+02,2025-09-01 01:59:00+02
FETUSDT,89280,2025-07-01 02:00:00+02,2025-09-01 01:59:00+02
FHEUSDT,89280,2025-07-01 02:00:00+02,2025-09-01 01:59:00+02
FIDAUSDT,89280,2025-07-01 02:00:00+02,2025-09-01 01:59:00+02
FILUSDC,89280,2025-07-01 02:00:00+02,2025-09-01 01:59:00+02
FILUSDT,89280,2025-07-01 02:00:00+02,2025-09-01 01:59:00+02
FIOUSDT,89280,2025-07-01 02:00:00+02,2025-09-01 01:59:00+02
FISUSDT,89280,2025-07-01 02:00:00+02,2025-09-01 01:59:00+02
FLMUSDT,89280,2025-07-01 02:00:00+02,2025-09-01 01:59:00+02
FLOWUSDT,89280,2025-07-01 02:00:00+02,2025-09-01 01:59:00+02
FLUXUSDT,89280,2025-07-01 02:00:00+02,2025-09-01 01:59:00+02
FORMUSDT,89280,2025-07-01 02:00:00+02,2025-09-01 01:59:00+02
FORTHUSDT,89280,2025-07-01 02:00:00+02,2025-09-01 01:59:00+02
FUNUSDT,89280,2025-07-01 02:00:00+02,2025-09-01 01:59:00+02
FUSDT,89280,2025-07-01 02:00:00+02,2025-09-01 01:59:00+02
FXSUSDT,89280,2025-07-01 02:00:00+02,2025-09-01 01:59:00+02
GALAUSDT,89280,2025-07-01 02:00:00+02,2025-09-01 01:59:00+02
GASUSDT,89280,2025-07-01 02:00:00+02,2025-09-01 01:59:00+02
GHSTUSDT,89280,2025-07-01 02:00:00+02,2025-09-01 01:59:00+02
GLMUSDT,89280,2025-07-01 02:00:00+02,2025-09-01 01:59:00+02
GMTUSDT,89280,2025-07-01 02:00:00+02,2025-09-01 01:59:00+02
GMXUSDT,89280,2025-07-01 02:00:00+02,2025-09-01 01:59:00+02
GOATUSDT,89280,2025-07-01 02:00:00+02,2025-09-01 01:59:00+02
GPSUSDT,89280,2025-07-01 02:00:00+02,2025-09-01 01:59:00+02
GRASSUSDT,89280,2025-07-01 02:00:00+02,2025-09-01 01:59:00+02
GRIFFAINUSDT,89280,2025-07-01 02:00:00+02,2025-09-01 01:59:00+02
GRTUSDT,89280,2025-07-01 02:00:00+02,2025-09-01 01:59:00+02
GTCUSDT,89280,2025-07-01 02:00:00+02,2025-09-01 01:59:00+02
GUNUSDT,89280,2025-07-01 02:00:00+02,2025-09-01 01:59:00+02
GUSDT,89280,2025-07-01 02:00:00+02,2025-09-01 01:59:00+02
HAEDALUSDT,89280,2025-07-01 02:00:00+02,2025-09-01 01:59:00+02
HBARUSDC,89280,2025-07-01 02:00:00+02,2025-09-01 01:59:00+02
HBARUSDT,89280,2025-07-01 02:00:00+02,2025-09-01 01:59:00+02
HEIUSDT,89280,2025-07-01 02:00:00+02,2025-09-01 01:59:00+02
HEMIUSDT,4050,2025-08-29 06:30:00+02,2025-09-01 01:59:00+02
HFTUSDT,89280,2025-07-01 02:00:00+02,2025-09-01 01:59:00+02
HIFIUSDT,89280,2025-07-01 02:00:00+02,2025-09-01 01:59:00+02
HIGHUSDT,89280,2025-07-01 02:00:00+02,2025-09-01 01:59:00+02
HIPPOUSDT,89280,2025-07-01 02:00:00+02,2025-09-01 01:59:00+02
HIVEUSDT,89280,2025-07-01 02:00:00+02,2025-09-01 01:59:00+02
HMSTRUSDT,89280,2025-07-01 02:00:00+02,2025-09-01 01:59:00+02
HOMEUSDT,89280,2025-07-01 02:00:00+02,2025-09-01 01:59:00+02
HOOKUSDT,89280,2025-07-01 02:00:00+02,2025-09-01 01:59:00+02
HOTUSDT,89280,2025-07-01 02:00:00+02,2025-09-01 01:59:00+02
HUMAUSDT,89280,2025-07-01 02:00:00+02,2025-09-01 01:59:00+02
HUSDT,89280,2025-07-01 02:00:00+02,2025-09-01 01:59:00+02
HYPERUSDT,89280,2025-07-01 02:00:00+02,2025-09-01 01:59:00+02
HYPEUSDT,89280,2025-07-01 02:00:00+02,2025-09-01 01:59:00+02
ICNTUSDT,85620,2025-07-03 15:00:00+02,2025-09-01 01:59:00+02
ICPUSDT,89280,2025-07-01 02:00:00+02,2025-09-01 01:59:00+02
ICXUSDT,89280,2025-07-01 02:00:00+02,2025-09-01 01:59:00+02
IDOLUSDT,84405,2025-07-04 11:15:00+02,2025-09-01 01:59:00+02
IDUSDT,89280,2025-07-01 02:00:00+02,2025-09-01 01:59:00+02
ILVUSDT,89280,2025-07-01 02:00:00+02,2025-09-01 01:59:00+02
IMXUSDT,89280,2025-07-01 02:00:00+02,2025-09-01 01:59:00+02
INITUSDT,89280,2025-07-01 02:00:00+02,2025-09-01 01:59:00+02
INJUSDT,89280,2025-07-01 02:00:00+02,2025-09-01 01:59:00+02
INUSDT,35370,2025-08-07 12:30:00+02,2025-09-01 01:59:00+02
IOSTUSDT,89280,2025-07-01 02:00:00+02,2025-09-01 01:59:00+02
IOTAUSDT,89280,2025-07-01 02:00:00+02,2025-09-01 01:59:00+02
IOTXUSDT,89280,2025-07-01 02:00:00+02,2025-09-01 01:59:00+02
IOUSDT,89280,2025-07-01 02:00:00+02,2025-09-01 01:59:00+02
IPUSDC,89280,2025-07-01 02:00:00+02,2025-09-01 01:59:00+02
IPUSDT,89280,2025-07-01 02:00:00+02,2025-09-01 01:59:00+02
JASMYUSDT,89280,2025-07-01 02:00:00+02,2025-09-01 01:59:00+02
JELLYJELLYUSDT,89280,2025-07-01 02:00:00+02,2025-09-01 01:59:00+02
JOEUSDT,89280,2025-07-01 02:00:00+02,2025-09-01 01:59:00+02
JSTUSDT,89280,2025-07-01 02:00:00+02,2025-09-01 01:59:00+02
JTOUSDT,89280,2025-07-01 02:00:00+02,2025-09-01 01:59:00+02
JUPUSDT,89280,2025-07-01 02:00:00+02,2025-09-01 01:59:00+02
KAIAUSDT,89280,2025-07-01 02:00:00+02,2025-09-01 01:59:00+02
KAITOUSDC,89280,2025-07-01 02:00:00+02,2025-09-01 01:59:00+02
KAITOUSDT,89280,2025-07-01 02:00:00+02,2025-09-01 01:59:00+02
KASUSDT,89280,2025-07-01 02:00:00+02,2025-09-01 01:59:00+02
KAVAUSDT,89280,2025-07-01 02:00:00+02,2025-09-01 01:59:00+02
KDAUSDT,89280,2025-07-01 02:00:00+02,2025-09-01 01:59:00+02
KERNELUSDT,89280,2025-07-01 02:00:00+02,2025-09-01 01:59:00+02
KMNOUSDT,89280,2025-07-01 02:00:00+02,2025-09-01 01:59:00+02
KNCUSDT,89280,2025-07-01 02:00:00+02,2025-09-01 01:59:00+02
KOMAUSDT,89280,2025-07-01 02:00:00+02,2025-09-01 01:59:00+02
KSMUSDT,89280,2025-07-01 02:00:00+02,2025-09-01 01:59:00+02
LAUSDT,89280,2025-07-01 02:00:00+02,2025-09-01 01:59:00+02
LAYERUSDT,89280,2025-07-01 02:00:00+02,2025-09-01 01:59:00+02
LDOUSDT,89280,2025-07-01 02:00:00+02,2025-09-01 01:59:00+02
LINKUSDC,89280,2025-07-01 02:00:00+02,2025-09-01 01:59:00+02
LINKUSDT,89280,2025-07-01 02:00:00+02,2025-09-01 01:59:00+02
LISTAUSDT,89280,2025-07-01 02:00:00+02,2025-09-01 01:59:00+02
LPTUSDT,89280,2025-07-01 02:00:00+02,2025-09-01 01:59:00+02
LQTYUSDT,89280,2025-07-01 02:00:00+02,2025-09-01 01:59:00+02
LRCUSDT,89280,2025-07-01 02:00:00+02,2025-09-01 01:59:00+02
LSKUSDT,89280,2025-07-01 02:00:00+02,2025-09-01 01:59:00+02
LTCUSDC,89280,2025-07-01 02:00:00+02,2025-09-01 01:59:00+02
LTCUSDT,89280,2025-07-01 02:00:00+02,2025-09-01 01:59:00+02
LUMIAUSDT,89280,2025-07-01 02:00:00+02,2025-09-01 01:59:00+02
LUNA2USDT,89280,2025-07-01 02:00:00+02,2025-09-01 01:59:00+02
MAGICUSDT,89280,2025-07-01 02:00:00+02,2025-09-01 01:59:00+02
MANAUSDT,89280,2025-07-01 02:00:00+02,2025-09-01 01:59:00+02
MANTAUSDT,89280,2025-07-01 02:00:00+02,2025-09-01 01:59:00+02
MASKUSDT,89280,2025-07-01 02:00:00+02,2025-09-01 01:59:00+02
MAVIAUSDT,89280,2025-07-01 02:00:00+02,2025-09-01 01:59:00+02
MAVUSDT,89280,2025-07-01 02:00:00+02,2025-09-01 01:59:00+02
MBOXUSDT,89280,2025-07-01 02:00:00+02,2025-09-01 01:59:00+02
MELANIAUSDT,89280,2025-07-01 02:00:00+02,2025-09-01 01:59:00+02
MEMEUSDT,89280,2025-07-01 02:00:00+02,2025-09-01 01:59:00+02
MERLUSDT,89280,2025-07-01 02:00:00+02,2025-09-01 01:59:00+02
METISUSDT,89280,2025-07-01 02:00:00+02,2025-09-01 01:59:00+02
MEUSDT,89280,2025-07-01 02:00:00+02,2025-09-01 01:59:00+02
MEWUSDT,89280,2025-07-01 02:00:00+02,2025-09-01 01:59:00+02
MILKUSDT,89280,2025-07-01 02:00:00+02,2025-09-01 01:59:00+02
MINAUSDT,89280,2025-07-01 02:00:00+02,2025-09-01 01:59:00+02
MITOUSDT,4770,2025-08-28 18:30:00+02,2025-09-01 01:59:00+02
MLNUSDT,89280,2025-07-01 02:00:00+02,2025-09-01 01:59:00+02
MOCAUSDT,89280,2025-07-01 02:00:00+02,2025-09-01 01:59:00+02
MOODENGUSDT,89280,2025-07-01 02:00:00+02,2025-09-01 01:59:00+02
MORPHOUSDT,89280,2025-07-01 02:00:00+02,2025-09-01 01:59:00+02
MOVEUSDT,89280,2025-07-01 02:00:00+02,2025-09-01 01:59:00+02
MOVRUSDT,89280,2025-07-01 02:00:00+02,2025-09-01 01:59:00+02
MTLUSDT,89280,2025-07-01 02:00:00+02,2025-09-01 01:59:00+02
MUBARAKUSDT,89280,2025-07-01 02:00:00+02,2025-09-01 01:59:00+02
MUSDT,80070,2025-07-07 11:30:00+02,2025-09-01 01:59:00+02
MYROUSDT,89280,2025-07-01 02:00:00+02,2025-09-01 01:59:00+02
MYXUSDT,89280,2025-07-01 02:00:00+02,2025-09-01 01:59:00+02
NAORISUSDT,45330,2025-07-31 14:30:00+02,2025-09-01 01:59:00+02
NEARUSDC,89280,2025-07-01 02:00:00+02,2025-09-01 01:59:00+02
NEARUSDT,89280,2025-07-01 02:00:00+02,2025-09-01 01:59:00+02
NEIROUSDT,89280,2025-07-01 02:00:00+02,2025-09-01 01:59:00+02
NEOUSDC,89280,2025-07-01 02:00:00+02,2025-09-01 01:59:00+02
NEOUSDT,89280,2025-07-01 02:00:00+02,2025-09-01 01:59:00+02
NEWTUSDT,89280,2025-07-01 02:00:00+02,2025-09-01 01:59:00+02
NFPUSDT,89280,2025-07-01 02:00:00+02,2025-09-01 01:59:00+02
NILUSDT,89280,2025-07-01 02:00:00+02,2025-09-01 01:59:00+02
NKNUSDT,89280,2025-07-01 02:00:00+02,2025-09-01 01:59:00+02
NMRUSDT,89280,2025-07-01 02:00:00+02,2025-09-01 01:59:00+02
NOTUSDT,89280,2025-07-01 02:00:00+02,2025-09-01 01:59:00+02
NTRNUSDT,89280,2025-07-01 02:00:00+02,2025-09-01 01:59:00+02
NXPCUSDT,89280,2025-07-01 02:00:00+02,2025-09-01 01:59:00+02
OBOLUSDT,89280,2025-07-01 02:00:00+02,2025-09-01 01:59:00+02
OGNUSDT,89280,2025-07-01 02:00:00+02,2025-09-01 01:59:00+02
OGUSDT,89280,2025-07-01 02:00:00+02,2025-09-01 01:59:00+02
OLUSDT,89280,2025-07-01 02:00:00+02,2025-09-01 01:59:00+02
OMUSDT,89280,2025-07-01 02:00:00+02,2025-09-01 01:59:00+02
ONDOUSDT,89280,2025-07-01 02:00:00+02,2025-09-01 01:59:00+02
ONEUSDT,89280,2025-07-01 02:00:00+02,2025-09-01 01:59:00+02
ONGUSDT,89280,2025-07-01 02:00:00+02,2025-09-01 01:59:00+02
ONTUSDT,89280,2025-07-01 02:00:00+02,2025-09-01 01:59:00+02
OPUSDT,89280,2025-07-01 02:00:00+02,2025-09-01 01:59:00+02
ORCAUSDT,89280,2025-07-01 02:00:00+02,2025-09-01 01:59:00+02
ORDIUSDC,89280,2025-07-01 02:00:00+02,2025-09-01 01:59:00+02
ORDIUSDT,89280,2025-07-01 02:00:00+02,2025-09-01 01:59:00+02
OXTUSDT,89280,2025-07-01 02:00:00+02,2025-09-01 01:59:00+02
PARTIUSDT,89280,2025-07-01 02:00:00+02,2025-09-01 01:59:00+02
PAXGUSDT,89280,2025-07-01 02:00:00+02,2025-09-01 01:59:00+02
PENDLEUSDT,89280,2025-07-01 02:00:00+02,2025-09-01 01:59:00+02
PENGUUSDC,57150,2025-07-23 09:30:00+02,2025-09-01 01:59:00+02
PENGUUSDT,89280,2025-07-01 02:00:00+02,2025-09-01 01:59:00+02
PEOPLEUSDT,89280,2025-07-01 02:00:00+02,2025-09-01 01:59:00+02
PERPUSDT,89280,2025-07-01 02:00:00+02,2025-09-01 01:59:00+02
PHAUSDT,89280,2025-07-01 02:00:00+02,2025-09-01 01:59:00+02
PHBUSDT,89280,2025-07-01 02:00:00+02,2025-09-01 01:59:00+02
PIPPINUSDT,89280,2025-07-01 02:00:00+02,2025-09-01 01:59:00+02
PIXELUSDT,89280,2025-07-01 02:00:00+02,2025-09-01 01:59:00+02
PLAYUSDT,45510,2025-07-31 11:30:00+02,2025-09-01 01:59:00+02
PLUMEUSDT,89280,2025-07-01 02:00:00+02,2025-09-01 01:59:00+02
PNUTUSDC,89280,2025-07-01 02:00:00+02,2025-09-01 01:59:00+02
PNUTUSDT,89280,2025-07-01 02:00:00+02,2025-09-01 01:59:00+02
POLUSDT,89280,2025-07-01 02:00:00+02,2025-09-01 01:59:00+02
POLYXUSDT,89280,2025-07-01 02:00:00+02,2025-09-01 01:59:00+02
PONKEUSDT,89280,2025-07-01 02:00:00+02,2025-09-01 01:59:00+02
POPCATUSDT,89280,2025-07-01 02:00:00+02,2025-09-01 01:59:00+02
PORT3USDT,89280,2025-07-01 02:00:00+02,2025-09-01 01:59:00+02
PORTALUSDT,89280,2025-07-01 02:00:00+02,2025-09-01 01:59:00+02
POWRUSDT,89280,2025-07-01 02:00:00+02,2025-09-01 01:59:00+02
PROMPTUSDT,89280,2025-07-01 02:00:00+02,2025-09-01 01:59:00+02
PROMUSDT,89280,2025-07-01 02:00:00+02,2025-09-01 01:59:00+02
PROVEUSDT,37860,2025-08-05 19:00:00+02,2025-09-01 01:59:00+02
PUFFERUSDT,89280,2025-07-01 02:00:00+02,2025-09-01 01:59:00+02
PUMPBTCUSDT,89280,2025-07-01 02:00:00+02,2025-09-01 01:59:00+02
PUMPUSDT,88830,2025-07-01 02:00:00+02,2025-09-01 01:59:00+02
PUNDIXUSDT,89280,2025-07-01 02:00:00+02,2025-09-01 01:59:00+02
PYTHUSDT,89280,2025-07-01 02:00:00+02,2025-09-01 01:59:00+02
QNTUSDT,89280,2025-07-01 02:00:00+02,2025-09-01 01:59:00+02
QTUMUSDT,89280,2025-07-01 02:00:00+02,2025-09-01 01:59:00+02
QUICKUSDT,89280,2025-07-01 02:00:00+02,2025-09-01 01:59:00+02
RAREUSDT,89280,2025-07-01 02:00:00+02,2025-09-01 01:59:00+02
RAYSOLUSDT,89280,2025-07-01 02:00:00+02,2025-09-01 01:59:00+02
RDNTUSDT,89280,2025-07-01 02:00:00+02,2025-09-01 01:59:00+02
REDUSDT,89280,2025-07-01 02:00:00+02,2025-09-01 01:59:00+02
REIUSDT,89280,2025-07-01 02:00:00+02,2025-09-01 01:59:00+02
RENDERUSDT,89280,2025-07-01 02:00:00+02,2025-09-01 01:59:00+02
RESOLVUSDT,89280,2025-07-01 02:00:00+02,2025-09-01 01:59:00+02
REZUSDT,89280,2025-07-01 02:00:00+02,2025-09-01 01:59:00+02
RIFUSDT,89280,2025-07-01 02:00:00+02,2025-09-01 01:59:00+02
RLCUSDT,89280,2025-07-01 02:00:00+02,2025-09-01 01:59:00+02
RONINUSDT,89280,2025-07-01 02:00:00+02,2025-09-01 01:59:00+02
ROSEUSDT,89280,2025-07-01 02:00:00+02,2025-09-01 01:59:00+02
RPLUSDT,89280,2025-07-01 02:00:00+02,2025-09-01 01:59:00+02
RSRUSDT,89280,2025-07-01 02:00:00+02,2025-09-01 01:59:00+02
RUNEUSDT,89280,2025-07-01 02:00:00+02,2025-09-01 01:59:00+02
RVNUSDT,89280,2025-07-01 02:00:00+02,2025-09-01 01:59:00+02
SAFEUSDT,89280,2025-07-01 02:00:00+02,2025-09-01 01:59:00+02
SAGAUSDT,89280,2025-07-01 02:00:00+02,2025-09-01 01:59:00+02
SAHARAUSDT,89280,2025-07-01 02:00:00+02,2025-09-01 01:59:00+02
SANDUSDT,89280,2025-07-01 02:00:00+02,2025-09-01 01:59:00+02
SANTOSUSDT,89280,2025-07-01 02:00:00+02,2025-09-01 01:59:00+02
SAPIENUSDT,16230,2025-08-20 19:30:00+02,2025-09-01 01:59:00+02
SCRTUSDT,89280,2025-07-01 02:00:00+02,2025-09-01 01:59:00+02
SCRUSDT,89280,2025-07-01 02:00:00+02,2025-09-01 01:59:00+02
SEIUSDT,89280,2025-07-01 02:00:00+02,2025-09-01 01:59:00+02
SFPUSDT,89280,2025-07-01 02:00:00+02,2025-09-01 01:59:00+02
SHELLUSDT,89280,2025-07-01 02:00:00+02,2025-09-01 01:59:00+02
SIGNUSDT,89280,2025-07-01 02:00:00+02,2025-09-01 01:59:00+02
SIRENUSDT,89280,2025-07-01 02:00:00+02,2025-09-01 01:59:00+02
SKATEUSDT,89280,2025-07-01 02:00:00+02,2025-09-01 01:59:00+02
SKLUSDT,89280,2025-07-01 02:00:00+02,2025-09-01 01:59:00+02
SKYAIUSDT,89280,2025-07-01 02:00:00+02,2025-09-01 01:59:00+02
SLERFUSDT,89280,2025-07-01 02:00:00+02,2025-09-01 01:59:00+02
SLPUSDT,88575,2025-07-01 02:00:00+02,2025-09-01 01:59:00+02
SNXUSDT,89280,2025-07-01 02:00:00+02,2025-09-01 01:59:00+02
SOLUSDC,89280,2025-07-01 02:00:00+02,2025-09-01 01:59:00+02
SOLUSDT,89280,2025-07-01 02:00:00+02,2025-09-01 01:59:00+02
SOLVUSDT,89280,2025-07-01 02:00:00+02,2025-09-01 01:59:00+02
SOMIUSDT,9510,2025-08-25 11:30:00+02,2025-09-01 01:59:00+02
SONICUSDT,89280,2025-07-01 02:00:00+02,2025-09-01 01:59:00+02
SOONUSDT,89280,2025-07-01 02:00:00+02,2025-09-01 01:59:00+02
SOPHUSDT,89280,2025-07-01 02:00:00+02,2025-09-01 01:59:00+02
SPELLUSDT,89280,2025-07-01 02:00:00+02,2025-09-01 01:59:00+02
SPKUSDT,89280,2025-07-01 02:00:00+02,2025-09-01 01:59:00+02
SPXUSDT,89280,2025-07-01 02:00:00+02,2025-09-01 01:59:00+02
SQDUSDT,89280,2025-07-01 02:00:00+02,2025-09-01 01:59:00+02
SSVUSDT,89280,2025-07-01 02:00:00+02,2025-09-01 01:59:00+02
STEEMUSDT,89280,2025-07-01 02:00:00+02,2025-09-01 01:59:00+02
STGUSDT,89280,2025-07-01 02:00:00+02,2025-09-01 01:59:00+02
STORJUSDT,89280,2025-07-01 02:00:00+02,2025-09-01 01:59:00+02
STOUSDT,89280,2025-07-01 02:00:00+02,2025-09-01 01:59:00+02
STRKUSDT,89280,2025-07-01 02:00:00+02,2025-09-01 01:59:00+02
STXUSDT,89280,2025-07-01 02:00:00+02,2025-09-01 01:59:00+02
SUIUSDC,89280,2025-07-01 02:00:00+02,2025-09-01 01:59:00+02
SUIUSDT,89280,2025-07-01 02:00:00+02,2025-09-01 01:59:00+02
SUNUSDT,89280,2025-07-01 02:00:00+02,2025-09-01 01:59:00+02
SUPERUSDT,89280,2025-07-01 02:00:00+02,2025-09-01 01:59:00+02
SUSDT,89280,2025-07-01 02:00:00+02,2025-09-01 01:59:00+02
SUSHIUSDT,89280,2025-07-01 02:00:00+02,2025-09-01 01:59:00+02
SWARMSUSDT,89280,2025-07-01 02:00:00+02,2025-09-01 01:59:00+02
SWELLUSDT,89280,2025-07-01 02:00:00+02,2025-09-01 01:59:00+02
SXPUSDT,89280,2025-07-01 02:00:00+02,2025-09-01 01:59:00+02
SXTUSDT,89280,2025-07-01 02:00:00+02,2025-09-01 01:59:00+02
SYNUSDT,89280,2025-07-01 02:00:00+02,2025-09-01 01:59:00+02
SYRUPUSDT,89280,2025-07-01 02:00:00+02,2025-09-01 01:59:00+02
SYSUSDT,89280,2025-07-01 02:00:00+02,2025-09-01 01:59:00+02
TACUSDT,68490,2025-07-15 12:30:00+02,2025-09-01 01:59:00+02
TAGUSDT,54045,2025-07-25 13:15:00+02,2025-09-01 01:59:00+02
TAIKOUSDT,89280,2025-07-01 02:00:00+02,2025-09-01 01:59:00+02
TANSSIUSDT,77070,2025-07-09 13:30:00+02,2025-09-01 01:59:00+02
TAOUSDT,89280,2025-07-01 02:00:00+02,2025-09-01 01:59:00+02
TAUSDT,60030,2025-07-21 09:30:00+02,2025-09-01 01:59:00+02
THETAUSDT,89280,2025-07-01 02:00:00+02,2025-09-01 01:59:00+02
THEUSDT,89280,2025-07-01 02:00:00+02,2025-09-01 01:59:00+02
TIAUSDC,89280,2025-07-01 02:00:00+02,2025-09-01 01:59:00+02
TIAUSDT,89280,2025-07-01 02:00:00+02,2025-09-01 01:59:00+02
TLMUSDT,89280,2025-07-01 02:00:00+02,2025-09-01 01:59:00+02
TNSRUSDT,89280,2025-07-01 02:00:00+02,2025-09-01 01:59:00+02
TOKENUSDT,89280,2025-07-01 02:00:00+02,2025-09-01 01:59:00+02
TONUSDT,89280,2025-07-01 02:00:00+02,2025-09-01 01:59:00+02
TOWNSUSDT,38010,2025-08-05 16:30:00+02,2025-09-01 01:59:00+02
TRBUSDT,89280,2025-07-01 02:00:00+02,2025-09-01 01:59:00+02
TREEUSDT,48120,2025-07-29 16:00:00+02,2025-09-01 01:59:00+02
TRUMPUSDC,89280,2025-07-01 02:00:00+02,2025-09-01 01:59:00+02
TRUMPUSDT,89280,2025-07-01 02:00:00+02,2025-09-01 01:59:00+02
TRUUSDT,89280,2025-07-01 02:00:00+02,2025-09-01 01:59:00+02
TRXUSDT,89280,2025-07-01 02:00:00+02,2025-09-01 01:59:00+02
TSTUSDT,89280,2025-07-01 02:00:00+02,2025-09-01 01:59:00+02
TURBOUSDT,89280,2025-07-01 02:00:00+02,2025-09-01 01:59:00+02
TUSDT,89280,2025-07-01 02:00:00+02,2025-09-01 01:59:00+02
TUTUSDT,89280,2025-07-01 02:00:00+02,2025-09-01 01:59:00+02
TWTUSDT,89280,2025-07-01 02:00:00+02,2025-09-01 01:59:00+02
UMAUSDT,89280,2025-07-01 02:00:00+02,2025-09-01 01:59:00+02
UNIUSDC,89280,2025-07-01 02:00:00+02,2025-09-01 01:59:00+02
UNIUSDT,89280,2025-07-01 02:00:00+02,2025-09-01 01:59:00+02
USDCUSDT,89280,2025-07-01 02:00:00+02,2025-09-01 01:59:00+02
USELESSUSDT,23745,2025-08-15 14:15:00+02,2025-09-01 01:59:00+02
USTCUSDT,89280,2025-07-01 02:00:00+02,2025-09-01 01:59:00+02
USUALUSDT,89280,2025-07-01 02:00:00+02,2025-09-01 01:59:00+02
VANAUSDT,89280,2025-07-01 02:00:00+02,2025-09-01 01:59:00+02
VANRYUSDT,89280,2025-07-01 02:00:00+02,2025-09-01 01:59:00+02
VELODROMEUSDT,89280,2025-07-01 02:00:00+02,2025-09-01 01:59:00+02
VELVETUSDT,68565,2025-07-15 11:15:00+02,2025-09-01 01:59:00+02
VETUSDT,89280,2025-07-01 02:00:00+02,2025-09-01 01:59:00+02
VICUSDT,89280,2025-07-01 02:00:00+02,2025-09-01 01:59:00+02
VINEUSDT,89280,2025-07-01 02:00:00+02,2025-09-01 01:59:00+02
VIRTUALUSDT,89280,2025-07-01 02:00:00+02,2025-09-01 01:59:00+02
VOXELUSDT,89280,2025-07-01 02:00:00+02,2025-09-01 01:59:00+02
VTHOUSDT,89280,2025-07-01 02:00:00+02,2025-09-01 01:59:00+02
VVVUSDT,89280,2025-07-01 02:00:00+02,2025-09-01 01:59:00+02
WALUSDT,89280,2025-07-01 02:00:00+02,2025-09-01 01:59:00+02
WAXPUSDT,89280,2025-07-01 02:00:00+02,2025-09-01 01:59:00+02
WCTUSDT,89280,2025-07-01 02:00:00+02,2025-09-01 01:59:00+02
WIFUSDC,89280,2025-07-01 02:00:00+02,2025-09-01 01:59:00+02
WIFUSDT,89280,2025-07-01 02:00:00+02,2025-09-01 01:59:00+02
WLDUSDC,89280,2025-07-01 02:00:00+02,2025-09-01 01:59:00+02
WLDUSDT,89280,2025-07-01 02:00:00+02,2025-09-01 01:59:00+02
WLFIUSDT,12450,2025-08-23 10:30:00+02,2025-09-01 01:59:00+02
WOOUSDT,89280,2025-07-01 02:00:00+02,2025-09-01 01:59:00+02
WUSDT,89280,2025-07-01 02:00:00+02,2025-09-01 01:59:00+02
XAIUSDT,89280,2025-07-01 02:00:00+02,2025-09-01 01:59:00+02
XCNUSDT,89280,2025-07-01 02:00:00+02,2025-09-01 01:59:00+02
XLMUSDT,89280,2025-07-01 02:00:00+02,2025-09-01 01:59:00+02
XMRUSDT,89280,2025-07-01 02:00:00+02,2025-09-01 01:59:00+02
XNYUSDT,26655,2025-08-13 13:45:00+02,2025-09-01 01:59:00+02
XPLUSDT,13830,2025-08-22 11:30:00+02,2025-09-01 01:59:00+02
XRPUSDC,89280,2025-07-01 02:00:00+02,2025-09-01 01:59:00+02
XRPUSDT,89280,2025-07-01 02:00:00+02,2025-09-01 01:59:00+02
XTZUSDT,89280,2025-07-01 02:00:00+02,2025-09-01 01:59:00+02
XVGUSDT,89280,2025-07-01 02:00:00+02,2025-09-01 01:59:00+02
XVSUSDT,89280,2025-07-01 02:00:00+02,2025-09-01 01:59:00+02
YALAUSDT,35010,2025-08-07 18:30:00+02,2025-09-01 01:59:00+02
YFIUSDT,89280,2025-07-01 02:00:00+02,2025-09-01 01:59:00+02
YGGUSDT,89280,2025-07-01 02:00:00+02,2025-09-01 01:59:00+02
ZECUSDT,89280,2025-07-01 02:00:00+02,2025-09-01 01:59:00+02
ZENUSDT,89280,2025-07-01 02:00:00+02,2025-09-01 01:59:00+02
ZEREBROUSDT,89280,2025-07-01 02:00:00+02,2025-09-01 01:59:00+02
ZETAUSDT,89280,2025-07-01 02:00:00+02,2025-09-01 01:59:00+02
ZILUSDT,89280,2025-07-01 02:00:00+02,2025-09-01 01:59:00+02
ZKJUSDT,89280,2025-07-01 02:00:00+02,2025-09-01 01:59:00+02
ZKUSDT,89280,2025-07-01 02:00:00+02,2025-09-01 01:59:00+02
ZORAUSDT,54060,2025-07-25 13:00:00+02,2025-09-01 01:59:00+02
ZRCUSDT,48375,2025-07-29 11:45:00+02,2025-09-01 01:59:00+02
ZROUSDT,89280,2025-07-01 02:00:00+02,2025-09-01 01:59:00+02
ZRXUSDT,89280,2025-07-01 02:00:00+02,2025-09-01 01:59:00+02
