symbol,direction,entry_time,close_time,entry_price,close_price,pnl,balance,exit_reason
MAGICUSDT,LONG,2025-08-01T21:31:00+00:00,2025-08-02T10:10:00+00:00,0.1819,0.1983,446.61682242990645,10446.616822429907,TP
SPELLUSDT,LONG,2025-08-02T10:10:00+00:00,2025-08-02T16:02:00+00:00,0.0004837,0.0004575,-274.72069464544126,10171.896127784466,SL
MAGICUSDT,LONG,2025-08-02T16:02:00+00:00,2025-08-03T01:27:00+00:00,0.1989,0.1668,-846.8188313443565,9325.07729644011,SL
MAGICUSDT,LONG,2025-08-04T13:41:00+00:00,2025-08-04T15:29:00+00:00,0.2265,0.2286,39.48151269642425,9364.558809136533,Time
RAREUSDT,LONG,2025-08-04T18:26:00+00:00,2025-08-04T22:15:00+00:00,0.05792,0.06416,500.4968649278675,9865.0556740644,TP
GASUSDT,LONG,2025-08-05T00:05:00+00:00,2025-08-05T01:05:00+00:00,3.225,3.288,92.37179293395067,9957.427466998352,Time
ILVUSDT,LONG,2025-08-05T03:02:00+00:00,2025-08-05T03:33:00+00:00,18.11,20.658,696.2206893068907,10653.648156305242,TP
SYNUSDT,LONG,2025-08-05T09:48:00+00:00,2025-08-05T10:17:00+00:00,0.1592,0.1545,-161.46032068243693,10492.187835622804,SL
SPELLUSDT,LONG,2025-08-06T09:40:00+00:00,2025-08-06T09:53:00+00:00,0.0005009,0.0004812,-210.43906112109727,10281.748774501708,SL
HFTUSDT,LONG,2025-08-06T20:24:00+00:00,2025-08-06T22:46:00+00:00,0.07674,0.07447,-156.12099955040347,10125.627774951305,SL
MAVUSDT,LONG,2025-08-07T09:37:00+00:00,2025-08-07T09:52:00+00:00,0.05132,0.04832,-299.8874741372987,9825.740300814006,SL
FXSUSDT,LONG,2025-08-07T09:52:00+00:00,2025-08-07T15:43:00+00:00,2.6598,2.8272,314.46092971020056,10140.201230524206,TP
RAREUSDT,LONG,2025-08-07T15:43:00+00:00,2025-08-07T16:15:00+00:00,0.06655,0.06583,-57.061048963146305,10083.140181561059,TSL
MAGICUSDT,LONG,2025-08-08T08:56:00+00:00,2025-08-08T10:09:00+00:00,0.251,0.3072,1124.3448499282715,11207.48503148933,TP
FIOUSDT,LONG,2025-08-08T13:57:00+00:00,2025-08-08T15:30:00+00:00,0.02008,0.02084,207.5260086886573,11415.011040177988,Time
MOVRUSDT,LONG,2025-08-08T16:17:00+00:00,2025-08-08T16:54:00+00:00,7.202,6.817,-309.55221232834106,11105.458827849647,SL
1000RATSUSDT,LONG,2025-08-09T15:39:00+00:00,2025-08-09T16:02:00+00:00,0.01737,0.01758,62.6624075830475,11168.121235432694,Time
USTCUSDT,LONG,2025-08-09T16:02:00+00:00,2025-08-09T17:11:00+00:00,0.014884,0.014516,-141.67592866380627,11026.445306768888,SL
GMXUSDT,LONG,2025-08-09T19:35:00+00:00,2025-08-09T20:14:00+00:00,16.669,19.556,950.0742218533416,11976.51952862223,TP
ARKUSDT,LONG,2025-08-10T00:06:00+00:00,2025-08-10T00:10:00+00:00,0.4969,0.4906,-80.68303304903016,11895.8364955732,TSL
GLMUSDT,LONG,2025-08-10T00:01:00+00:00,2025-08-10T00:44:00+00:00,0.27855,0.27796,-17.469337058045156,11878.367158515155,TSL
SAGAUSDT,LONG,2025-08-10T01:17:00+00:00,2025-08-10T01:18:00+00:00,0.3101,0.2893,-402.9635508014199,11475.403607713735,SL
BSVUSDT,LONG,2025-08-10T01:11:00+00:00,2025-08-10T14:19:00+00:00,29.08,28.8,-61.914559161591434,11413.489048552145,TSL
MYROUSDT,LONG,2025-08-10T14:19:00+00:00,2025-08-10T14:32:00+00:00,0.02297,0.02327,70.31719671714902,11483.806245269294,Time
UNIUSDT,LONG,2025-08-10T14:32:00+00:00,2025-08-10T14:37:00+00:00,11.262,11.041,-116.50697470387001,11367.299270565423,SL
RPLUSDT,LONG,2025-08-10T15:16:00+00:00,2025-08-10T17:21:00+00:00,8.785,8.757,-22.654891582102486,11344.644378983321,Time
STGUSDT,LONG,2025-08-10T17:21:00+00:00,2025-08-10T17:30:00+00:00,0.1741,0.1719,-76.33915167803066,11268.30522730529,TSL
BSVUSDT,LONG,2025-08-11T00:08:00+00:00,2025-08-11T02:44:00+00:00,30.5,30.06,-85.75438894820633,11182.550838357085,TSL
LISTAUSDT,LONG,2025-08-11T02:44:00+00:00,2025-08-11T09:13:00+00:00,0.3298,0.352,374.5956395460684,11557.146477903154,TP
KAVAUSDT,SHORT,2025-08-11T12:11:00+00:00,2025-08-11T12:16:00+00:00,0.3628,0.3725,-159.18344646877247,11397.963031434381,SL
FIOUSDT,LONG,2025-08-11T12:48:00+00:00,2025-08-11T13:45:00+00:00,0.0216,0.02213,135.2210008637584,11533.184032298139,Time
MBOXUSDT,LONG,2025-08-11T13:45:00+00:00,2025-08-11T14:16:00+00:00,0.0616,0.06101,-59.121752333278856,11474.06227996486,TSL
UNIUSDT,LONG,2025-08-11T16:00:00+00:00,2025-08-11T16:18:00+00:00,11.437,11.578,66.11054315492214,11540.172823119783,Time
GHSTUSDT,LONG,2025-08-11T16:18:00+00:00,2025-08-11T16:55:00+00:00,0.5114,0.5221,115.39801432253329,11655.570837442316,Time
CYBERUSDT,LONG,2025-08-12T07:30:00+00:00,2025-08-12T07:39:00+00:00,4.473,4.061,-541.2343663801616,11114.336471062154,SL
CATIUSDT,LONG,2025-08-12T07:39:00+00:00,2025-08-12T07:44:00+00:00,0.10108,0.09746,-213.29048894522893,10901.045982116924,SL
EDUUSDT,LONG,2025-08-12T07:45:00+00:00,2025-08-12T08:11:00+00:00,0.1492,0.1459,-124.86665954663172,10776.179322570293,SL
CHESSUSDT,LONG,2025-08-12T12:27:00+00:00,2025-08-12T12:31:00+00:00,0.07461,0.07429,-27.4105791695134,10748.76874340078,TSL
ETHFIUSDT,LONG,2025-08-12T12:30:00+00:00,2025-08-12T13:16:00+00:00,1.222,1.2099,-57.64091898564813,10691.127824415133,TSL
SSVUSDT,LONG,2025-08-12T12:31:00+00:00,2025-08-12T13:16:00+00:00,10.639,10.374,-138.11304013738254,10553.01478427775,SL
SKLUSDT,LONG,2025-08-13T00:23:00+00:00,2025-08-13T01:13:00+00:00,0.02454,0.0265,417.0427593184306,10970.05754359618,TP
GTCUSDT,LONG,2025-08-13T14:12:00+00:00,2025-08-13T14:43:00+00:00,0.335,0.478,2336.045919434441,13306.10346303062,TP
GTCUSDT,LONG,2025-08-14T08:47:00+00:00,2025-08-14T09:17:00+00:00,0.481,0.48,-19.14861708338836,13286.954845947232,Time
LISTAUSDT,LONG,2025-08-14T09:56:00+00:00,2025-08-14T10:15:00+00:00,0.3139,0.3126,-32.81738162492209,13254.13746432231,Time
GTCUSDT,LONG,2025-08-14T10:15:00+00:00,2025-08-14T10:27:00+00:00,0.521,0.532,134.8944701768778,13389.031934499188,Time
CHESSUSDT,LONG,2025-08-14T10:33:00+00:00,2025-08-14T11:11:00+00:00,0.0787,0.07934,49.06340149496833,13438.095335994156,Time
ETHFIUSDT,SHORT,2025-08-14T12:33:00+00:00,2025-08-14T12:35:00+00:00,1.2248,1.1986,138.41106536093548,13576.506401355091,TSL
BOMEUSDT,SHORT,2025-08-14T12:33:00+00:00,2025-08-14T13:11:00+00:00,0.001971,0.001979,-32.657776082907354,13543.848625272183,TSL
BRETTUSDT,LONG,2025-08-14T13:13:00+00:00,2025-08-14T13:24:00+00:00,0.0593,0.05828,-121.85261286948929,13421.996012402695,SL
GASUSDT,LONG,2025-08-16T00:01:00+00:00,2025-08-16T01:09:00+00:00,3.453,3.378,-151.07500185845464,13270.92101054424,SL
ILVUSDT,LONG,2025-08-16T01:09:00+00:00,2025-08-16T03:04:00+00:00,18.806,17.538,-457.6787874337055,12813.242223110534,SL
1000RATSUSDT,LONG,2025-08-16T03:04:00+00:00,2025-08-16T09:43:00+00:00,0.01671,0.0168,30.41590262488462,12843.65812573542,Time
LRCUSDT,LONG,2025-08-16T10:48:00+00:00,2025-08-16T10:58:00+00:00,0.09468,0.09474,-1.069490923777665,12842.588634811642,Time
API3USDT,LONG,2025-08-16T11:39:00+00:00,2025-08-16T11:50:00+00:00,0.8166,0.7895,-218.1513254016312,12624.43730941001,SL
CTSIUSDT,LONG,2025-08-16T14:22:00+00:00,2025-08-16T15:18:00+00:00,0.1094,0.1187,531.3318707376716,13155.769180147681,TP
OGNUSDT,LONG,2025-08-16T16:55:00+00:00,2025-08-16T17:15:00+00:00,0.0692,0.0772,754.882598251388,13910.65177839907,TP
1000RATSUSDT,SHORT,2025-08-16T17:20:00+00:00,2025-08-16T17:58:00+00:00,0.01897,0.01932,-133.94263745592062,13776.709140943149,SL
CHRUSDT,LONG,2025-08-16T22:05:00+00:00,2025-08-16T23:04:00+00:00,0.1132,0.1099,-206.23928307795993,13570.46985786519,SL
SKLUSDT,SHORT,2025-08-17T00:12:00+00:00,2025-08-17T00:23:00+00:00,0.03797,0.03726,121.49948670162422,13691.969344566814,Time
CTSIUSDT,LONG,2025-08-17T05:40:00+00:00,2025-08-17T07:03:00+00:00,0.1033,0.1154,796.1038508760685,14488.073195442883,TP
MOVRUSDT,LONG,2025-08-17T07:16:00+00:00,2025-08-17T07:55:00+00:00,7.777,7.743,-37.45251684726531,14450.620678595618,Time
NMRUSDT,LONG,2025-08-17T07:55:00+00:00,2025-08-17T08:33:00+00:00,9.808,10.386,420.93584048340483,14871.556519079024,TP
HOTUSDT,LONG,2025-08-17T08:33:00+00:00,2025-08-17T13:33:00+00:00,0.001087,0.001018,-464.24114509405507,14407.31537398497,SL
API3USDT,LONG,2025-08-18T05:55:00+00:00,2025-08-18T08:00:00+00:00,0.8167,0.8799,551.4662367640807,14958.78161074905,TP
TOKENUSDT,LONG,2025-08-18T12:09:00+00:00,2025-08-18T12:53:00+00:00,0.01458,0.01448,-57.26196977085881,14901.519640978191,TSL
API3USDT,LONG,2025-08-19T07:30:00+00:00,2025-08-19T07:58:00+00:00,1.6543,1.4087,-1111.6697593206704,13789.849881657521,SL
ARPAUSDT,LONG,2025-08-19T07:58:00+00:00,2025-08-19T08:11:00+00:00,0.02404,0.02276,-402.51459209923456,13387.335289558287,SL
GTCUSDT,LONG,2025-08-19T08:27:00+00:00,2025-08-19T09:24:00+00:00,0.342,0.331,-220.56222053375782,13166.773069024528,SL
UMAUSDT,LONG,2025-08-19T09:24:00+00:00,2025-08-19T09:45:00+00:00,1.437,1.371,-312.6655477063603,12854.107521318168,SL
RAREUSDT,LONG,2025-08-19T11:24:00+00:00,2025-08-19T15:18:00+00:00,0.05862,0.05633,-256.1151321020882,12597.99238921608,SL
OGNUSDT,LONG,2025-08-19T15:28:00+00:00,2025-08-19T19:52:00+00:00,0.0648,0.0697,471.0832617023071,13069.075650918388,TP
OGNUSDT,LONG,2025-08-20T08:04:00+00:00,2025-08-20T10:51:00+00:00,0.0809,0.0797,-102.11649073496383,12966.959160183425,TSL
HOTUSDT,LONG,2025-08-20T10:51:00+00:00,2025-08-20T11:50:00+00:00,0.001046,0.000985,-386.15245304246116,12580.806707140964,SL
CFXUSDT,LONG,2025-08-20T11:50:00+00:00,2025-08-20T11:56:00+00:00,0.19378,0.18432,-321.5722896034712,12259.234417537493,SL
NEOUSDT,LONG,2025-08-20T11:56:00+00:00,2025-08-20T16:03:00+00:00,6.368,6.333,-39.59200417280892,12219.642413364683,Time
STGUSDT,LONG,2025-08-20T16:07:00+00:00,2025-08-20T16:37:00+00:00,0.1762,0.177,22.841438281871525,12242.483851646555,Time
API3USDT,LONG,2025-08-20T21:27:00+00:00,2025-08-21T05:01:00+00:00,1.4877,1.5066,72.83722425130226,12315.321075897857,Time
MEMEUSDT,SHORT,2025-08-21T08:49:00+00:00,2025-08-21T12:11:00+00:00,0.00267,0.002515,352.6840432308536,12668.00511912871,TP
API3USDT,LONG,2025-08-21T12:11:00+00:00,2025-08-21T12:46:00+00:00,1.6219,1.5976,-97.14593150806432,12570.859187620645,TSL
1000RATSUSDT,LONG,2025-08-22T02:38:00+00:00,2025-08-22T14:03:00+00:00,0.01858,0.01974,387.23117674951874,12958.090364370164,TP
BRETTUSDT,LONG,2025-08-22T14:03:00+00:00,2025-08-22T14:38:00+00:00,0.0513,0.05367,285.23500038100553,13243.32536475117,TP
SYSUSDT,LONG,2025-08-22T14:03:00+00:00,2025-08-22T14:38:00+00:00,0.04279,0.04466,277.84943889257414,13521.174803643744,Time
SKLUSDT,LONG,2025-08-22T15:14:00+00:00,2025-08-22T15:25:00+00:00,0.03702,0.03795,164.36006992675607,13685.5348735705,Time
YFIUSDT,LONG,2025-08-22T16:02:00+00:00,2025-08-22T16:43:00+00:00,5990.0,5860.0,-153.92228454631797,13531.612589024182,SL
YGGUSDT,LONG,2025-08-22T16:56:00+00:00,2025-08-22T17:27:00+00:00,0.1745,0.1729,-67.42387687051394,13464.188712153667,TSL
ETHWUSDT,LONG,2025-08-22T17:27:00+00:00,2025-08-22T17:29:00+00:00,1.9612,1.9306,-110.9352124142681,13353.2534997394,SL
SXPUSDT,LONG,2025-08-22T18:04:00+00:00,2025-08-22T19:02:00+00:00,0.1931,0.1878,-188.52083182765173,13164.732667911749,SL
BBUSDT,LONG,2025-08-22T19:02:00+00:00,2025-08-22T21:01:00+00:00,0.17797,0.17372,-164.71823808288326,13000.014429828865,SL
CYBERUSDT,LONG,2025-08-23T00:01:00+00:00,2025-08-23T00:47:00+00:00,2.378,2.341,-106.29507172864002,12893.719358100225,SL
MEMEUSDT,SHORT,2025-08-23T02:12:00+00:00,2025-08-23T04:08:00+00:00,0.003882,0.003901,-36.723518149090786,12856.995839951134,Time
USTCUSDT,LONG,2025-08-23T16:03:00+00:00,2025-08-23T19:55:00+00:00,0.015,0.014441,-244.61566001140898,12612.380179939726,SL
BSVUSDT,LONG,2025-08-23T21:30:00+00:00,2025-08-23T22:33:00+00:00,25.51,25.89,88.8552319066547,12701.23541184638,TSL
SPELLUSDT,LONG,2025-08-23T22:33:00+00:00,2025-08-24T00:14:00+00:00,0.0005923,0.0005778,-159.36401403726663,12541.871397809115,SL
AUCTIONUSDT,LONG,2025-08-24T00:14:00+00:00,2025-08-24T04:03:00+00:00,10.879,10.517,-216.31351559137502,12325.55788221774,SL
EDUUSDT,LONG,2025-08-24T10:47:00+00:00,2025-08-24T12:02:00+00:00,0.1463,0.1445,-80.72355803435335,12244.834324183386,TSL
QTUMUSDT,LONG,2025-08-24T12:02:00+00:00,2025-08-24T12:16:00+00:00,2.997,2.92,-163.20321777217188,12081.631106411214,SL
QTUMUSDT,LONG,2025-08-24T17:44:00+00:00,2025-08-24T18:16:00+00:00,3.238,3.392,282.35495748812895,12363.986063899343,TP
BRETTUSDT,SHORT,2025-08-24T19:36:00+00:00,2025-08-24T20:07:00+00:00,0.05641,0.05554,90.43616893858403,12454.422232837927,Time
GALAUSDT,SHORT,2025-08-24T19:37:00+00:00,2025-08-24T20:07:00+00:00,0.01764,0.01774,-40.004924522852335,12414.417308315074,Time
BOMEUSDT,SHORT,2025-08-25T03:51:00+00:00,2025-08-25T04:28:00+00:00,0.002288,0.002266,54.74280555378253,12469.160113868857,Time
IOSTUSDT,LONG,2025-08-25T04:54:00+00:00,2025-08-25T06:39:00+00:00,0.003955,0.003812,-230.31973235461675,12238.84038151424,SL
OGNUSDT,LONG,2025-08-25T06:39:00+00:00,2025-08-25T07:51:00+00:00,0.0783,0.0748,-283.561122374931,11955.279259139308,SL
IOSTUSDT,LONG,2025-08-25T07:51:00+00:00,2025-08-25T08:17:00+00:00,0.004105,0.003919,-282.0592074360732,11673.220051703234,SL
QTUMUSDT,LONG,2025-08-25T10:51:00+00:00,2025-08-25T11:43:00+00:00,3.143,3.169,43.59388726658395,11716.813938969819,Time
MAVUSDT,LONG,2025-08-25T16:12:00+00:00,2025-08-25T17:39:00+00:00,0.06685,0.0636,-289.38690091987576,11427.427038049944,SL
EDUUSDT,LONG,2025-08-25T17:39:00+00:00,2025-08-25T19:01:00+00:00,0.1433,0.1487,215.98838591195118,11643.415423961895,Time
EDUUSDT,SHORT,2025-08-26T06:04:00+00:00,2025-08-26T06:21:00+00:00,0.1557,0.1534,81.3752844961261,11724.79070845802,Time
MAVUSDT,LONG,2025-08-26T06:21:00+00:00,2025-08-26T08:23:00+00:00,0.06079,0.06132,46.07911820802633,11770.869826666047,Time
NMRUSDT,LONG,2025-08-26T15:24:00+00:00,2025-08-26T16:01:00+00:00,8.591,9.29,473.9639180241718,12244.833744690219,TP
SNXUSDT,LONG,2025-08-26T19:17:00+00:00,2025-08-26T21:50:00+00:00,0.737,0.727,-87.93684673527332,12156.896897954946,TSL
CKBUSDT,LONG,2025-08-27T00:00:00+00:00,2025-08-27T00:04:00+00:00,0.005191,0.005447,294.782852841098,12451.679750796044,TP
QTUMUSDT,LONG,2025-08-27T00:04:00+00:00,2025-08-27T00:17:00+00:00,3.086,3.092,6.950625044314027,12458.630375840357,Time
RLCUSDT,LONG,2025-08-27T00:34:00+00:00,2025-08-27T01:00:00+00:00,1.1161,1.0739,-240.42109222726432,12218.209283613092,SL
MOVRUSDT,LONG,2025-08-27T07:28:00+00:00,2025-08-27T07:30:00+00:00,7.328,7.685,292.61244021969924,12510.821723832792,TP
LPTUSDT,LONG,2025-08-27T15:02:00+00:00,2025-08-27T15:25:00+00:00,7.692,7.589,-88.73412534188314,12422.087598490909,TSL
NMRUSDT,LONG,2025-08-27T15:25:00+00:00,2025-08-27T16:07:00+00:00,17.322,21.686,1570.315701110871,13992.40329960178,TP
IOTXUSDT,LONG,2025-08-27T17:09:00+00:00,2025-08-27T17:34:00+00:00,0.03118,0.03011,-245.58866725251625,13746.814632349264,SL
RAREUSDT,LONG,2025-08-27T18:06:00+00:00,2025-08-27T18:10:00+00:00,0.05895,0.0583,-81.25661677085891,13665.558015578405,TSL
BICOUSDT,LONG,2025-08-27T18:10:00+00:00,2025-08-27T18:31:00+00:00,0.13331,0.12799,-279.68596095368497,13385.87205462472,SL
LPTUSDT,LONG,2025-08-28T00:11:00+00:00,2025-08-28T00:58:00+00:00,7.667,8.022,304.42025568839045,13690.29231031311,TP
LPTUSDT,SHORT,2025-08-28T04:01:00+00:00,2025-08-28T04:10:00+00:00,8.397,8.46,-56.85359762651623,13633.438712686595,TSL
ARPAUSDT,SHORT,2025-08-28T05:07:00+00:00,2025-08-28T07:44:00+00:00,0.02429,0.02363,179.84240010556485,13813.28111279216,Time
NMRUSDT,LONG,2025-08-28T07:44:00+00:00,2025-08-28T09:49:00+00:00,21.686,22.814,348.9773046856188,14162.258417477778,TP
RLCUSDT,LONG,2025-08-28T10:09:00+00:00,2025-08-28T11:07:00+00:00,1.4933,1.5139,91.97985200389269,14254.238269481672,Time
CATIUSDT,LONG,2025-08-28T11:07:00+00:00,2025-08-28T13:39:00+00:00,0.11526,0.10831,-432.4752665592084,13821.763002922464,SL
PYTHUSDT,LONG,2025-08-28T13:47:00+00:00,2025-08-28T14:02:00+00:00,0.12833,0.17452,2480.9197566228268,16302.68275954529,TP
WUSDT,LONG,2025-08-28T14:02:00+00:00,2025-08-28T14:18:00+00:00,0.07968,0.07959,-13.331548366298314,16289.351211178991,Time
IDUSDT,LONG,2025-08-28T14:18:00+00:00,2025-08-28T14:29:00+00:00,0.18697,0.18244,-203.9367345457071,16085.414476633285,SL
CTSIUSDT,LONG,2025-08-28T15:08:00+00:00,2025-08-28T15:13:00+00:00,0.0787,0.0847,606.4875741398146,16691.9020507731,TP
WUSDT,LONG,2025-08-28T15:45:00+00:00,2025-08-28T16:20:00+00:00,0.08508,0.08137,-370.4648768624163,16321.437173910685,SL
BIGTIMEUSDT,LONG,2025-08-29T00:00:00+00:00,2025-08-29T00:31:00+00:00,0.05986,0.06962,1323.5207729974707,17644.957946908155,TP
CTSIUSDT,LONG,2025-08-29T01:17:00+00:00,2025-08-29T03:06:00+00:00,0.0945,0.0872,-688.3102040000574,16956.6477429081,SL
QTUMUSDT,LONG,2025-08-29T03:06:00+00:00,2025-08-29T03:52:00+00:00,2.925,2.869,-175.89941872899215,16780.748324179105,SL
STGUSDT,LONG,2025-08-29T06:39:00+00:00,2025-08-29T06:45:00+00:00,0.1907,0.1852,-248.6032226035887,16532.145101575516,SL
SXPUSDT,LONG,2025-08-29T07:10:00+00:00,2025-08-29T10:31:00+00:00,0.1987,0.177,-908.9884234274118,15623.156678148103,SL
CATIUSDT,LONG,2025-08-29T10:31:00+00:00,2025-08-29T13:03:00+00:00,0.11274,0.11131,-111.41821154539736,15511.738466602706,TSL
QTUMUSDT,LONG,2025-08-30T00:38:00+00:00,2025-08-30T00:55:00+00:00,2.809,2.786,-69.68409672839465,15442.054369874311,TSL
MAGICUSDT,LONG,2025-08-30T07:22:00+00:00,2025-08-30T08:43:00+00:00,0.2202,0.21,-363.6835224538741,15078.370847420438,SL
RAREUSDT,LONG,2025-08-30T09:42:00+00:00,2025-08-30T10:09:00+00:00,0.05836,0.05622,-282.37479014872133,14795.996057271717,SL
OGNUSDT,LONG,2025-08-30T10:30:00+00:00,2025-08-30T13:59:00+00:00,0.0692,0.0715,239.87046440478068,15035.866521676498,Time
ETHWUSDT,LONG,2025-08-30T16:03:00+00:00,2025-08-30T19:29:00+00:00,1.7738,1.6392,-576.2641218832592,14459.602399793239,SL
KSMUSDT,LONG,2025-08-30T19:29:00+00:00,2025-08-30T20:38:00+00:00,16.137,15.225,-430.72851850127364,14028.873881291966,SL
KSMUSDT,LONG,2025-08-31T00:01:00+00:00,2025-08-31T00:08:00+00:00,17.357,17.197,-70.24604782636348,13958.627833465602,TSL
AXSUSDT,LONG,2025-08-31T00:08:00+00:00,2025-08-31T00:39:00+00:00,2.436,2.651,613.2311026075776,14571.858936073178,TP
RLCUSDT,LONG,2025-08-31T12:40:00+00:00,2025-08-31T13:21:00+00:00,1.258,1.2972,221.11417516402443,14792.973111237203,Time
BEAMXUSDT,LONG,2025-09-02T08:04:00+00:00,2025-09-02T09:15:00+00:00,0.00728,0.00732,34.706590760979694,14827.679701998182,Time
CFXUSDT,LONG,2025-09-02T09:59:00+00:00,2025-09-02T13:55:00+00:00,0.18534,0.17633,-366.1985671795958,14461.481134818587,SL
BEAMXUSDT,LONG,2025-09-02T13:55:00+00:00,2025-09-02T18:17:00+00:00,0.007823,0.00751,-302.4418299804247,14159.039304838163,SL
ENAUSDT,LONG,2025-09-05T20:30:00+00:00,2025-09-06T08:52:00+00:00,0.7123,0.7499,367.89171623845334,14526.931021076616,TP
NMRUSDT,LONG,2025-09-06T13:06:00+00:00,2025-09-06T14:31:00+00:00,17.532,19.135,658.042631613219,15184.973652689836,TP
ILVUSDT,LONG,2025-09-06T14:43:00+00:00,2025-09-06T15:12:00+00:00,15.13,14.656,-243.8399656795305,14941.133687010306,SL
CTSIUSDT,LONG,2025-09-07T20:23:00+00:00,2025-09-08T03:52:00+00:00,0.0834,0.0828,-59.70004064579543,14881.43364636451,TSL
CHESSUSDT,SHORT,2025-09-08T22:04:00+00:00,2025-09-09T00:03:00+00:00,0.06887,0.07037,-168.07744154141645,14713.356204823094,SL
OPUSDT,LONG,2025-09-09T00:05:00+00:00,2025-09-09T00:09:00+00:00,0.792,0.7697,-212.94127697069675,14500.414927852398,SL
AXLUSDT,LONG,2025-09-09T07:36:00+00:00,2025-09-09T08:08:00+00:00,0.3489,0.3735,505.18797266783736,15005.602900520236,TP
CTSIUSDT,LONG,2025-09-09T08:40:00+00:00,2025-09-09T10:01:00+00:00,0.0874,0.0832,-366.404545332475,14639.198355187762,SL
AEVOUSDT,LONG,2025-09-09T14:21:00+00:00,2025-09-09T15:18:00+00:00,0.10076,0.09859,-163.42988342397874,14475.768471763784,SL
1000SATSUSDT,LONG,2025-09-10T02:22:00+00:00,2025-09-10T03:19:00+00:00,4.22e-05,4.53e-05,525.6899332459243,15001.458405009707,TP
ORDIUSDT,LONG,2025-09-10T04:26:00+00:00,2025-09-10T04:36:00+00:00,10.486,10.188,-219.07737293147824,14782.381032078229,SL
PYTHUSDT,LONG,2025-09-10T04:36:00+00:00,2025-09-10T05:06:00+00:00,0.18075,0.18027,-25.911564701950233,14756.469467376279,Time
SPELLUSDT,LONG,2025-09-10T11:04:00+00:00,2025-09-10T12:57:00+00:00,0.0005237,0.0005059,-256.5805431590051,14499.888924217274,SL
ETHFIUSDT,LONG,2025-09-11T02:17:00+00:00,2025-09-11T04:06:00+00:00,1.4237,1.4581,169.30598687657172,14669.194911093846,Time
ACEUSDT,LONG,2025-09-11T06:55:00+00:00,2025-09-11T06:58:00+00:00,0.6186,0.7176,1167.4829493228328,15836.67786041668,TP
PIXELUSDT,LONG,2025-09-11T06:58:00+00:00,2025-09-11T07:28:00+00:00,0.036,0.042,1216.076258129681,17052.75411854636,TP
PORTALUSDT,LONG,2025-09-11T06:59:00+00:00,2025-09-11T07:28:00+00:00,0.04744,0.04842,157.17435420877365,17209.928472755135,Time
XAIUSDT,LONG,2025-09-11T12:09:00+00:00,2025-09-12T05:22:00+00:00,0.05715,0.05984,397.98208030533885,17607.910553060472,TP
YGGUSDT,LONG,2025-09-12T05:22:00+00:00,2025-09-12T05:53:00+00:00,0.1955,0.2346,1713.4204787475012,19321.331031807975,TP
UMAUSDT,LONG,2025-09-12T14:00:00+00:00,2025-09-12T17:44:00+00:00,1.346,1.401,386.8658722926028,19708.196904100576,Time
VOXELUSDT,LONG,2025-09-13T01:38:00+00:00,2025-09-13T01:45:00+00:00,0.07136,0.08604,2018.4662449209236,21726.6631490215,TP
FLMUSDT,LONG,2025-09-13T01:45:00+00:00,2025-09-13T02:19:00+00:00,0.0367,0.0354,-356.7989151777256,21369.864233843775,SL
YGGUSDT,LONG,2025-09-13T02:40:00+00:00,2025-09-13T03:54:00+00:00,0.2329,0.221,-554.2750041499302,20815.589229693844,SL
FLMUSDT,LONG,2025-09-13T04:24:00+00:00,2025-09-13T05:01:00+00:00,0.038,0.0373,-199.97207905768494,20615.617150636157,SL
TLMUSDT,LONG,2025-09-13T07:29:00+00:00,2025-09-13T07:43:00+00:00,0.005453,0.00558,231.72588818279792,20847.343038818955,Time
MBOXUSDT,LONG,2025-09-13T08:26:00+00:00,2025-09-13T08:36:00+00:00,0.07297,0.07747,634.2232010413967,21481.566239860353,TP
YGGUSDT,LONG,2025-09-13T10:06:00+00:00,2025-09-13T10:38:00+00:00,0.245,0.259,604.9209053144681,22086.487145174822,TP
FLMUSDT,LONG,2025-09-13T16:11:00+00:00,2025-09-13T18:45:00+00:00,0.0371,0.037,-38.58884357817422,22047.898301596648,Time
MBOXUSDT,LONG,2025-09-13T20:38:00+00:00,2025-09-14T01:17:00+00:00,0.08202,0.07471,-990.9312571628575,21056.96704443379,SL
ARKUSDT,LONG,2025-09-14T14:24:00+00:00,2025-09-14T15:33:00+00:00,0.5235,0.4872,-738.1860691018807,20318.78097533191,SL
ROSEUSDT,LONG,2025-09-14T15:33:00+00:00,2025-09-15T05:47:00+00:00,0.02975,0.03012,122.46732033042773,20441.248295662335,Time
AIUSDT,LONG,2025-09-15T05:47:00+00:00,2025-09-15T06:11:00+00:00,0.16276,0.14899,-867.2996006941012,19573.948694968232,SL
BRETTUSDT,LONG,2025-09-15T14:35:00+00:00,2025-09-16T10:08:00+00:00,0.05219,0.0507,-287.13133730592784,19286.817357662305,SL
RAREUSDT,LONG,2025-09-16T13:02:00+00:00,2025-09-16T13:53:00+00:00,0.05976,0.06277,477.811535761629,19764.628893423935,TP
ARPAUSDT,LONG,2025-09-17T10:19:00+00:00,2025-09-17T13:07:00+00:00,0.02386,0.02319,-285.29488001609985,19479.334013407835,SL
NFPUSDT,LONG,2025-09-17T19:34:00+00:00,2025-09-18T06:09:00+00:00,0.08012,0.07353,-808.5747067949429,18670.759306612894,SL
TWTUSDT,LONG,2025-09-18T12:09:00+00:00,2025-09-18T15:16:00+00:00,0.8504,0.9046,587.2814448407661,19258.04075145366,TP
BBUSDT,LONG,2025-09-18T15:16:00+00:00,2025-09-18T16:01:00+00:00,0.19821,0.19099,-347.3829423404436,18910.657809113218,SL
LUNA2USDT,LONG,2025-09-18T16:01:00+00:00,2025-09-18T18:05:00+00:00,0.1649,0.1649,-7.703216300581464,18902.954592812635,Time
TWTUSDT,LONG,2025-09-19T04:36:00+00:00,2025-09-19T04:43:00+00:00,0.9864,1.1719,1769.149826747605,20672.10441956024,TP
SFPUSDT,LONG,2025-09-19T04:43:00+00:00,2025-09-19T04:54:00+00:00,0.5036,0.496,-150.13960709865682,20521.964812461585,TSL
C98USDT,LONG,2025-09-19T04:47:00+00:00,2025-09-19T06:08:00+00:00,0.0526,0.0525,-27.911271024281326,20494.053541437304,Time
EDUUSDT,LONG,2025-09-19T07:51:00+00:00,2025-09-19T08:22:00+00:00,0.1581,0.1522,-390.4447748894467,20103.60876654786,SL
SPELLUSDT,LONG,2025-09-19T10:08:00+00:00,2025-09-19T14:40:00+00:00,0.0005169,0.0004923,-486.22963865734033,19617.37912789052,SL
MOVRUSDT,LONG,2025-09-19T23:18:00+00:00,2025-09-20T05:03:00+00:00,5.507,5.733,394.5276871567334,20011.906815047252,Time
TWTUSDT,LONG,2025-09-20T12:59:00+00:00,2025-09-20T14:04:00+00:00,1.3296,1.2748,-420.2392063433485,19591.667608703905,SL
AEVOUSDT,LONG,2025-09-20T14:04:00+00:00,2025-09-20T14:41:00+00:00,0.10854,0.1116,273.9739560877968,19865.641564791702,Time
AEVOUSDT,LONG,2025-09-20T17:23:00+00:00,2025-09-20T18:38:00+00:00,0.11141,0.10904,-219.16041101220543,19646.481153779496,SL
LISTAUSDT,LONG,2025-09-20T20:30:00+00:00,2025-09-20T21:01:00+00:00,0.3434,0.3682,701.2821173822373,20347.763271161733,TP
LISTAUSDT,LONG,2025-09-20T23:20:00+00:00,2025-09-21T01:05:00+00:00,0.4334,0.365,-1613.15790196786,18734.605369193872,SL
AEVOUSDT,LONG,2025-09-21T05:21:00+00:00,2025-09-21T05:41:00+00:00,0.12372,0.11977,-306.4434482414069,18428.161920952465,SL
PERPUSDT,LONG,2025-09-21T06:20:00+00:00,2025-09-21T06:48:00+00:00,0.3049,0.3107,167.83468112513685,18595.9966020776,Time
SFPUSDT,LONG,2025-09-21T08:42:00+00:00,2025-09-21T09:35:00+00:00,0.5323,0.4915,-719.831010607974,17876.165591469628,SL
RONINUSDT,LONG,2025-09-21T11:27:00+00:00,2025-09-21T11:52:00+00:00,0.5223,0.5271,74.95873594713707,17951.124327416765,Time
EDUUSDT,LONG,2025-09-21T15:18:00+00:00,2025-09-21T16:03:00+00:00,0.1784,0.1742,-218.4040043449816,17732.720323071782,SL
EDUUSDT,LONG,2025-09-21T20:39:00+00:00,2025-09-21T22:38:00+00:00,0.1828,0.1761,-331.933631001534,17400.786692070247,SL
PERPUSDT,SHORT,2025-09-22T00:13:00+00:00,2025-09-22T00:32:00+00:00,0.3274,0.3145,335.98399868150676,17736.770690751753,Time
BRETTUSDT,SHORT,2025-09-22T00:32:00+00:00,2025-09-22T02:30:00+00:00,0.04417,0.04575,-318.30557470241496,17418.465116049338,SL
OMUSDT,SHORT,2025-09-22T06:00:00+00:00,2025-09-22T06:01:00+00:00,0.18107,0.1652,756.6643967123464,18175.129512761683,TP
MEMEUSDT,SHORT,2025-09-22T06:01:00+00:00,2025-09-22T06:02:00+00:00,0.002338,0.002222,443.79033089158986,18618.91984365327,TP
NOTUSDT,SHORT,2025-09-22T06:01:00+00:00,2025-09-22T06:02:00+00:00,0.001626,0.001539,479.1594568410551,19098.079300494326,TP
1000PEPEUSDT,SHORT,2025-09-22T06:02:00+00:00,2025-09-22T09:50:00+00:00,0.0093967,0.0096853,-301.0353371826018,18797.043963311724,SL
1000RATSUSDT,LONG,2025-09-22T06:02:00+00:00,2025-09-22T09:50:00+00:00,0.0188,0.01893,58.364949368648055,18855.408912680374,TSL
1000RATSUSDT,LONG,2025-09-22T11:42:00+00:00,2025-09-22T12:43:00+00:00,0.02016,0.02029,53.227248076419784,18908.636160756792,Time
NMRUSDT,LONG,2025-09-23T08:00:00+00:00,2025-09-23T08:24:00+00:00,16.215,16.366,80.44339039077475,18989.079551147566,Time
LISTAUSDT,LONG,2025-09-23T15:16:00+00:00,2025-09-23T17:33:00+00:00,0.3362,0.3246,-335.05728182669696,18654.02226932087,SL
GMXUSDT,SHORT,2025-09-23T17:33:00+00:00,2025-09-24T00:11:00+00:00,16.054,17.103,-628.2357298313447,18025.786539489527,SL
DYDXUSDT,LONG,2025-09-24T05:56:00+00:00,2025-09-24T10:34:00+00:00,0.645,0.641,-63.08186880145084,17962.704670688076,Time
ZECUSDT,LONG,2025-09-24T16:35:00+00:00,2025-09-24T20:44:00+00:00,58.58,60.86,342.239505554985,18304.94417624306,Time
SNXUSDT,LONG,2025-09-24T20:44:00+00:00,2025-09-24T22:26:00+00:00,0.834,0.876,444.9323178502094,18749.87649409327,TP
POPCATUSDT,LONG,2025-09-25T07:17:00+00:00,2025-09-25T07:41:00+00:00,0.2283,0.2239,-188.10979902378944,18561.76669506948,SL
1000SATSUSDT,LONG,2025-09-26T08:41:00+00:00,2025-09-26T12:09:00+00:00,4.28e-05,4.3e-05,35.92655964999068,18597.69325471947,Time
EDUUSDT,LONG,2025-09-27T12:16:00+00:00,2025-09-27T12:59:00+00:00,0.1489,0.1573,516.9334381121737,19114.626692831644,TP
SKLUSDT,LONG,2025-09-27T15:08:00+00:00,2025-09-27T15:43:00+00:00,0.02521,0.02668,549.4200326621595,19664.046725493805,TP
1000SATSUSDT,LONG,2025-09-27T15:43:00+00:00,2025-09-27T16:13:00+00:00,6.12e-05,7.34e-05,1896.8081221519933,21560.854847645798,TP
1000SATSUSDT,LONG,2025-09-27T19:32:00+00:00,2025-09-28T05:34:00+00:00,4.3e-05,4.18e-05,-309.35313969310636,21251.50170795269,SL
RLCUSDT,LONG,2025-09-28T05:34:00+00:00,2025-09-28T12:13:00+00:00,1.0769,1.0774,-3.6210383580144976,21247.880669594677,Time
ZENUSDT,LONG,2025-09-29T01:24:00+00:00,2025-09-29T08:53:00+00:00,6.925,7.222,446.9590651073307,21694.839734702007,Time
SUPERUSDT,LONG,2025-09-29T08:53:00+00:00,2025-09-29T09:12:00+00:00,0.671,0.6831,183.00346797035493,21877.843202672364,Time
SNXUSDT,LONG,2025-09-29T09:12:00+00:00,2025-09-29T09:49:00+00:00,1.139,1.196,533.9521003361726,22411.795303008537,TP
REZUSDT,LONG,2025-09-29T13:03:00+00:00,2025-09-29T13:36:00+00:00,0.01237,0.01201,-334.9557856458381,22076.8395173627,SL
SYNUSDT,LONG,2025-09-29T17:00:00+00:00,2025-09-30T07:08:00+00:00,0.1257,0.1125,-1167.5328675354097,20909.30664982729,SL
FXSUSDT,LONG,2025-09-30T07:08:00+00:00,2025-09-30T09:54:00+00:00,2.2797,2.1204,-779.860651783133,20129.445998044157,SL
ZECUSDT,SHORT,2025-09-30T09:54:00+00:00,2025-09-30T14:01:00+00:00,63.79,66.54,-459.24625537932275,19670.199742664834,SL
STRKUSDT,LONG,2025-09-30T14:01:00+00:00,2025-09-30T14:17:00+00:00,0.1424,0.1398,-191.74428180889697,19478.455460855937,SL
ZECUSDT,LONG,2025-09-30T14:17:00+00:00,2025-09-30T14:53:00+00:00,69.84,75.32,763.5349664371777,20241.990427293116,TP
SFPUSDT,LONG,2025-09-30T17:42:00+00:00,2025-09-30T19:54:00+00:00,0.4944,0.4961,26.690440047637892,20268.680867340754,Time
